BudgetKey,DateKey,AreaKey,IndustryKey,BudgetAmountLC
1,20240101,1,1,350274.36
2,20240101,1,2,126643.19
3,20240101,1,3,133991.75
4,20240101,1,4,56306.08
5,20240101,1,5,122664.62
6,20240101,1,6,91520.84
7,20240101,1,7,271208.9
8,20240101,1,8,419285.69
9,20240101,1,9,291309.8
10,20240101,1,10,132076.4
11,20240101,2,1,332719.53
12,20240101,2,2,167494.26
13,20240101,2,3,468763.49
14,20240101,2,4,238940.48
15,20240101,2,5,307633.91
16,20240101,2,6,203061.9
17,20240101,2,7,423386.33
18,20240101,2,8,402977.55
19,20240101,2,9,359050.66
20,20240101,2,10,247068.95
21,20240101,3,1,391045.31
22,20240101,3,2,439962.59
23,20240101,3,3,154232.96
24,20240101,3,4,420144.86
25,20240101,3,5,159363.23
26,20240101,3,6,101743.46
27,20240101,3,7,281885.14
28,20240101,3,8,294580.29
29,20240101,3,9,498161.78
30,20240101,3,10,233791.33
31,20240101,4,1,202312.07
32,20240101,4,2,307591.41
33,20240101,4,3,252339.47
34,20240101,4,4,382453.46
35,20240101,4,5,271771.74
36,20240101,4,6,366268.69
37,20240101,4,7,295069.26
38,20240101,4,8,336492.57
39,20240101,4,9,231251.63
40,20240101,4,10,467197.44
41,20240101,5,1,103547.73
42,20240101,5,2,265244.56
43,20240101,5,3,77490.03
44,20240101,5,4,437406.82
45,20240101,5,5,273408.98
46,20240101,5,6,455140.63
47,20240101,5,7,283224.82
48,20240101,5,8,413422.55
49,20240101,5,9,437045.48
50,20240101,5,10,56957.82
51,20240201,1,1,394041.21
52,20240201,1,2,219252.57
53,20240201,1,3,114633.26
54,20240201,1,4,346509.74
55,20240201,1,5,126923.12
56,20240201,1,6,150758.7
57,20240201,1,7,207186.72
58,20240201,1,8,353247.37
59,20240201,1,9,88785.11
60,20240201,1,10,227010.55
61,20240201,2,1,443052.82
62,20240201,2,2,214718.22
63,20240201,2,3,399778.96
64,20240201,2,4,292583.54
65,20240201,2,5,251277.05
66,20240201,2,6,97205.41
67,20240201,2,7,169208.87
68,20240201,2,8,306244.31
69,20240201,2,9,379620.34
70,20240201,2,10,285276.86
71,20240201,3,1,396540.59
72,20240201,3,2,128396.63
73,20240201,3,3,491765.92
74,20240201,3,4,112434.84
75,20240201,3,5,305540.17
76,20240201,3,6,486012.44
77,20240201,3,7,389733.36
78,20240201,3,8,479701.05
79,20240201,3,9,300886.89
80,20240201,3,10,290416.78
81,20240201,4,1,356837.9
82,20240201,4,2,155848.63
83,20240201,4,3,330546.65
84,20240201,4,4,293835.94
85,20240201,4,5,402507.2
86,20240201,4,6,440634.94
87,20240201,4,7,478889.11
88,20240201,4,8,107093.34
89,20240201,4,9,463363.7
90,20240201,4,10,432892.61
91,20240201,5,1,409273.29
92,20240201,5,2,478129.99
93,20240201,5,3,361306.97
94,20240201,5,4,153409.58
95,20240201,5,5,428793.75
96,20240201,5,6,244917.89
97,20240201,5,7,373635.02
98,20240201,5,8,372537.98
99,20240201,5,9,162847.09
100,20240201,5,10,486079.53
101,20240301,1,1,341766.79
102,20240301,1,2,184161.77
103,20240301,1,3,322518.93
104,20240301,1,4,430760.99
105,20240301,1,5,324378.49
106,20240301,1,6,299093.39
107,20240301,1,7,79707.77
108,20240301,1,8,87806.36
109,20240301,1,9,206050.72
110,20240301,1,10,331729.63
111,20240301,2,1,278390.71
112,20240301,2,2,483093.5
113,20240301,2,3,388028.48
114,20240301,2,4,66109.77
115,20240301,2,5,344674.79
116,20240301,2,6,91249.57
117,20240301,2,7,465642.21
118,20240301,2,8,155876.42
119,20240301,2,9,294786.01
120,20240301,2,10,251410.63
121,20240301,3,1,264920.64
122,20240301,3,2,292671.55
123,20240301,3,3,487449.31
124,20240301,3,4,134042.47
125,20240301,3,5,470256.96
126,20240301,3,6,253402.89
127,20240301,3,7,221201.73
128,20240301,3,8,85096.34
129,20240301,3,9,326310.9
130,20240301,3,10,373733.93
131,20240301,4,1,348661.49
132,20240301,4,2,257632.69
133,20240301,4,3,324694.37
134,20240301,4,4,271612.03
135,20240301,4,5,293889.55
136,20240301,4,6,435660.69
137,20240301,4,7,308566.79
138,20240301,4,8,246409.06
139,20240301,4,9,273751.74
140,20240301,4,10,430480.08
141,20240301,5,1,426670.25
142,20240301,5,2,108269.38
143,20240301,5,3,282252.59
144,20240301,5,4,138269.11
145,20240301,5,5,497386.36
146,20240301,5,6,67180.97
147,20240301,5,7,339487.55
148,20240301,5,8,193214.24
149,20240301,5,9,285974.04
150,20240301,5,10,229367.14
151,20240401,1,1,133806.73
152,20240401,1,2,331340.07
153,20240401,1,3,156866.73
154,20240401,1,4,73342.41
155,20240401,1,5,171197.25
156,20240401,1,6,63453.99
157,20240401,1,7,452622.53
158,20240401,1,8,212160.77
159,20240401,1,9,497512.86
160,20240401,1,10,221422.64
161,20240401,2,1,328792.62
162,20240401,2,2,358525.59
163,20240401,2,3,306137.07
164,20240401,2,4,63785.36
165,20240401,2,5,106171.47
166,20240401,2,6,175818.69
167,20240401,2,7,293796.54
168,20240401,2,8,400270.59
169,20240401,2,9,204184.17
170,20240401,2,10,218538.19
171,20240401,3,1,163042.58
172,20240401,3,2,470403.89
173,20240401,3,3,226928.01
174,20240401,3,4,317117.71
175,20240401,3,5,138248.26
176,20240401,3,6,208858.97
177,20240401,3,7,416851.96
178,20240401,3,8,182373.74
179,20240401,3,9,337235.55
180,20240401,3,10,335277.06
181,20240401,4,1,109894.06
182,20240401,4,2,289716.4
183,20240401,4,3,309223.94
184,20240401,4,4,171163.61
185,20240401,4,5,226123.41
186,20240401,4,6,439867.79
187,20240401,4,7,439831.46
188,20240401,4,8,137555.51
189,20240401,4,9,482213.61
190,20240401,4,10,465697.03
191,20240401,5,1,470541.34
192,20240401,5,2,203083.73
193,20240401,5,3,123989.69
194,20240401,5,4,85823.13
195,20240401,5,5,356238.27
196,20240401,5,6,197546.3
197,20240401,5,7,289868.11
198,20240401,5,8,202049.57
199,20240401,5,9,495221.51
200,20240401,5,10,267486.28
201,20240501,1,1,461279.23
202,20240501,1,2,204507.8
203,20240501,1,3,125455.7
204,20240501,1,4,308949.66
205,20240501,1,5,231643.13
206,20240501,1,6,315105.91
207,20240501,1,7,440750.43
208,20240501,1,8,150021.69
209,20240501,1,9,288383.41
210,20240501,1,10,401757.16
211,20240501,2,1,216523.35
212,20240501,2,2,150599.15
213,20240501,2,3,496143.17
214,20240501,2,4,277016.56
215,20240501,2,5,301970.08
216,20240501,2,6,226048.69
217,20240501,2,7,214611.9
218,20240501,2,8,478232.76
219,20240501,2,9,270334.45
220,20240501,2,10,168282.21
221,20240501,3,1,223825.59
222,20240501,3,2,432555.01
223,20240501,3,3,195969.36
224,20240501,3,4,324447.73
225,20240501,3,5,390194.56
226,20240501,3,6,397851.46
227,20240501,3,7,179287.14
228,20240501,3,8,167768.15
229,20240501,3,9,53421.05
230,20240501,3,10,187978.7
231,20240501,4,1,330431.13
232,20240501,4,2,444987.53
233,20240501,4,3,452240.21
234,20240501,4,4,420947.86
235,20240501,4,5,83529.34
236,20240501,4,6,424578.7
237,20240501,4,7,461246.18
238,20240501,4,8,319550.47
239,20240501,4,9,124166.7
240,20240501,4,10,139616.52
241,20240501,5,1,424861.04
242,20240501,5,2,200126.81
243,20240501,5,3,156208.11
244,20240501,5,4,407053.17
245,20240501,5,5,88704.58
246,20240501,5,6,213900.66
247,20240501,5,7,227538.84
248,20240501,5,8,89693.26
249,20240501,5,9,182142.5
250,20240501,5,10,98385.18
251,20240601,1,1,422419.7
252,20240601,1,2,141033.74
253,20240601,1,3,147468.14
254,20240601,1,4,128079.35
255,20240601,1,5,328720.79
256,20240601,1,6,146510.42
257,20240601,1,7,238767.67
258,20240601,1,8,377528.75
259,20240601,1,9,477780.23
260,20240601,1,10,93820.05
261,20240601,2,1,409461.68
262,20240601,2,2,251297.09
263,20240601,2,3,192794.11
264,20240601,2,4,57225.54
265,20240601,2,5,329346.86
266,20240601,2,6,478728.77
267,20240601,2,7,117358.92
268,20240601,2,8,438916.47
269,20240601,2,9,411072.14
270,20240601,2,10,177565.46
271,20240601,3,1,396391.72
272,20240601,3,2,89211.66
273,20240601,3,3,399350.17
274,20240601,3,4,129796.14
275,20240601,3,5,222319.58
276,20240601,3,6,288145.45
277,20240601,3,7,498917.07
278,20240601,3,8,363235.49
279,20240601,3,9,285674.45
280,20240601,3,10,302668.52
281,20240601,4,1,322282.29
282,20240601,4,2,425710.47
283,20240601,4,3,390994.16
284,20240601,4,4,53026.94
285,20240601,4,5,212443.97
286,20240601,4,6,155754.47
287,20240601,4,7,281415.1
288,20240601,4,8,301012.17
289,20240601,4,9,395143.67
290,20240601,4,10,230987.12
291,20240601,5,1,450583.36
292,20240601,5,2,470828.29
293,20240601,5,3,300832.96
294,20240601,5,4,460801.78
295,20240601,5,5,399136.61
296,20240601,5,6,237237.4
297,20240601,5,7,479995.73
298,20240601,5,8,438815.49
299,20240601,5,9,312605.21
300,20240601,5,10,236980.7
301,20240701,1,1,389430.5
302,20240701,1,2,292511.7
303,20240701,1,3,175792.14
304,20240701,1,4,438166.71
305,20240701,1,5,112198.58
306,20240701,1,6,367745.74
307,20240701,1,7,279593.76
308,20240701,1,8,492419.27
309,20240701,1,9,451926.93
310,20240701,1,10,175826.19
311,20240701,2,1,334477.58
312,20240701,2,2,379799.51
313,20240701,2,3,239884.08
314,20240701,2,4,213669.39
315,20240701,2,5,440057.16
316,20240701,2,6,404423.5
317,20240701,2,7,428709.35
318,20240701,2,8,179614.68
319,20240701,2,9,275914.02
320,20240701,2,10,187043.77
321,20240701,3,1,326472.14
322,20240701,3,2,103396.0
323,20240701,3,3,87340.04
324,20240701,3,4,361931.11
325,20240701,3,5,493423.74
326,20240701,3,6,61428.09
327,20240701,3,7,469658.54
328,20240701,3,8,52815.9
329,20240701,3,9,67730.98
330,20240701,3,10,120174.41
331,20240701,4,1,188078.57
332,20240701,4,2,337624.27
333,20240701,4,3,313849.1
334,20240701,4,4,445283.48
335,20240701,4,5,82736.68
336,20240701,4,6,156389.56
337,20240701,4,7,339192.72
338,20240701,4,8,421617.85
339,20240701,4,9,496040.06
340,20240701,4,10,102080.1
341,20240701,5,1,196690.41
342,20240701,5,2,192819.61
343,20240701,5,3,143754.77
344,20240701,5,4,195789.47
345,20240701,5,5,266238.14
346,20240701,5,6,284804.11
347,20240701,5,7,335038.03
348,20240701,5,8,241557.27
349,20240701,5,9,382169.8
350,20240701,5,10,356897.72
351,20240801,1,1,177759.27
352,20240801,1,2,177963.34
353,20240801,1,3,283914.06
354,20240801,1,4,327608.86
355,20240801,1,5,223621.54
356,20240801,1,6,328983.02
357,20240801,1,7,372531.88
358,20240801,1,8,114832.57
359,20240801,1,9,483392.87
360,20240801,1,10,360662.3
361,20240801,2,1,471493.91
362,20240801,2,2,240382.55
363,20240801,2,3,454490.95
364,20240801,2,4,404972.44
365,20240801,2,5,373712.35
366,20240801,2,6,181700.69
367,20240801,2,7,235975.75
368,20240801,2,8,386105.05
369,20240801,2,9,108381.45
370,20240801,2,10,430683.46
371,20240801,3,1,493155.49
372,20240801,3,2,366657.94
373,20240801,3,3,463658.5
374,20240801,3,4,179560.97
375,20240801,3,5,477366.42
376,20240801,3,6,81316.95
377,20240801,3,7,148297.39
378,20240801,3,8,416105.26
379,20240801,3,9,368404.61
380,20240801,3,10,413478.12
381,20240801,4,1,97637.54
382,20240801,4,2,110176.6
383,20240801,4,3,426352.4
384,20240801,4,4,106832.94
385,20240801,4,5,322960.66
386,20240801,4,6,445398.81
387,20240801,4,7,340316.55
388,20240801,4,8,332110.38
389,20240801,4,9,330830.54
390,20240801,4,10,76543.02
391,20240801,5,1,382233.4
392,20240801,5,2,448466.96
393,20240801,5,3,283815.77
394,20240801,5,4,236915.6
395,20240801,5,5,270292.03
396,20240801,5,6,141780.67
397,20240801,5,7,298735.7
398,20240801,5,8,205253.19
399,20240801,5,9,289630.9
400,20240801,5,10,395120.76
401,20240901,1,1,231811.41
402,20240901,1,2,367775.01
403,20240901,1,3,349320.79
404,20240901,1,4,129623.52
405,20240901,1,5,131299.34
406,20240901,1,6,207539.47
407,20240901,1,7,258917.64
408,20240901,1,8,167153.3
409,20240901,1,9,487983.21
410,20240901,1,10,302918.59
411,20240901,2,1,169533.64
412,20240901,2,2,111049.99
413,20240901,2,3,119639.72
414,20240901,2,4,307048.47
415,20240901,2,5,64712.2
416,20240901,2,6,114100.6
417,20240901,2,7,90605.33
418,20240901,2,8,417500.6
419,20240901,2,9,434695.63
420,20240901,2,10,383855.6
421,20240901,3,1,222085.75
422,20240901,3,2,345955.04
423,20240901,3,3,158490.03
424,20240901,3,4,96012.48
425,20240901,3,5,73893.41
426,20240901,3,6,441063.66
427,20240901,3,7,373230.09
428,20240901,3,8,482157.76
429,20240901,3,9,340439.14
430,20240901,3,10,128997.05
431,20240901,4,1,255725.03
432,20240901,4,2,146780.83
433,20240901,4,3,249304.24
434,20240901,4,4,372737.46
435,20240901,4,5,147771.47
436,20240901,4,6,304018.18
437,20240901,4,7,312149.49
438,20240901,4,8,133766.8
439,20240901,4,9,427037.46
440,20240901,4,10,63169.95
441,20240901,5,1,131805.17
442,20240901,5,2,119836.24
443,20240901,5,3,479836.76
444,20240901,5,4,459338.69
445,20240901,5,5,146344.32
446,20240901,5,6,235373.12
447,20240901,5,7,127036.66
448,20240901,5,8,95364.52
449,20240901,5,9,242195.02
450,20240901,5,10,197129.62
451,20241001,1,1,434240.36
452,20241001,1,2,83913.29
453,20241001,1,3,186439.35
454,20241001,1,4,298911.38
455,20241001,1,5,114742.83
456,20241001,1,6,453517.95
457,20241001,1,7,196296.13
458,20241001,1,8,213661.53
459,20241001,1,9,483868.18
460,20241001,1,10,405208.26
461,20241001,2,1,435064.54
462,20241001,2,2,293073.6
463,20241001,2,3,194091.67
464,20241001,2,4,472863.26
465,20241001,2,5,170050.22
466,20241001,2,6,104970.45
467,20241001,2,7,376153.73
468,20241001,2,8,258362.35
469,20241001,2,9,384647.0
470,20241001,2,10,271895.8
471,20241001,3,1,122702.76
472,20241001,3,2,226886.81
473,20241001,3,3,161210.89
474,20241001,3,4,58802.14
475,20241001,3,5,199680.88
476,20241001,3,6,439444.93
477,20241001,3,7,309924.02
478,20241001,3,8,478884.84
479,20241001,3,9,274152.82
480,20241001,3,10,371970.9
481,20241001,4,1,102415.51
482,20241001,4,2,451972.36
483,20241001,4,3,321623.34
484,20241001,4,4,431574.74
485,20241001,4,5,312019.61
486,20241001,4,6,51209.64
487,20241001,4,7,306969.44
488,20241001,4,8,248063.77
489,20241001,4,9,122940.31
490,20241001,4,10,198999.38
491,20241001,5,1,350024.24
492,20241001,5,2,318153.1
493,20241001,5,3,391885.53
494,20241001,5,4,459798.57
495,20241001,5,5,373444.08
496,20241001,5,6,146406.74
497,20241001,5,7,368563.39
498,20241001,5,8,417875.11
499,20241001,5,9,112223.92
500,20241001,5,10,478056.19
501,20241101,1,1,475611.93
502,20241101,1,2,283525.21
503,20241101,1,3,108800.75
504,20241101,1,4,62635.27
505,20241101,1,5,353849.28
506,20241101,1,6,487438.35
507,20241101,1,7,110622.33
508,20241101,1,8,213938.27
509,20241101,1,9,378141.39
510,20241101,1,10,376749.19
511,20241101,2,1,74430.78
512,20241101,2,2,134798.21
513,20241101,2,3,66945.7
514,20241101,2,4,70009.52
515,20241101,2,5,392448.54
516,20241101,2,6,270025.44
517,20241101,2,7,414874.78
518,20241101,2,8,358706.55
519,20241101,2,9,259520.91
520,20241101,2,10,276557.32
521,20241101,3,1,438630.37
522,20241101,3,2,247266.48
523,20241101,3,3,357618.78
524,20241101,3,4,361993.82
525,20241101,3,5,374920.02
526,20241101,3,6,445331.88
527,20241101,3,7,350306.56
528,20241101,3,8,210813.92
529,20241101,3,9,156558.13
530,20241101,3,10,290745.31
531,20241101,4,1,465936.16
532,20241101,4,2,409411.42
533,20241101,4,3,465146.34
534,20241101,4,4,405651.23
535,20241101,4,5,416124.77
536,20241101,4,6,68197.01
537,20241101,4,7,57801.66
538,20241101,4,8,490095.43
539,20241101,4,9,156329.3
540,20241101,4,10,224533.0
541,20241101,5,1,86904.45
542,20241101,5,2,307699.66
543,20241101,5,3,407411.91
544,20241101,5,4,194330.36
545,20241101,5,5,257096.65
546,20241101,5,6,206099.36
547,20241101,5,7,442321.35
548,20241101,5,8,479342.39
549,20241101,5,9,442402.98
550,20241101,5,10,306732.26
551,20241201,1,1,467841.81
552,20241201,1,2,92106.16
553,20241201,1,3,400525.17
554,20241201,1,4,339310.25
555,20241201,1,5,125366.03
556,20241201,1,6,467087.81
557,20241201,1,7,473822.39
558,20241201,1,8,387175.23
559,20241201,1,9,348803.76
560,20241201,1,10,91613.78
561,20241201,2,1,139477.77
562,20241201,2,2,174732.88
563,20241201,2,3,440535.63
564,20241201,2,4,280121.44
565,20241201,2,5,75509.89
566,20241201,2,6,420462.13
567,20241201,2,7,460244.5
568,20241201,2,8,309447.13
569,20241201,2,9,496480.29
570,20241201,2,10,87191.52
571,20241201,3,1,359048.09
572,20241201,3,2,274939.36
573,20241201,3,3,323913.74
574,20241201,3,4,101826.56
575,20241201,3,5,229018.78
576,20241201,3,6,334980.81
577,20241201,3,7,379289.94
578,20241201,3,8,102001.82
579,20241201,3,9,120832.05
580,20241201,3,10,440028.9
581,20241201,4,1,465794.38
582,20241201,4,2,482051.3
583,20241201,4,3,234550.18
584,20241201,4,4,388696.93
585,20241201,4,5,112835.77
586,20241201,4,6,101824.66
587,20241201,4,7,397119.61
588,20241201,4,8,353046.97
589,20241201,4,9,102170.25
590,20241201,4,10,222161.93
591,20241201,5,1,97027.49
592,20241201,5,2,460978.38
593,20241201,5,3,68833.0
594,20241201,5,4,327878.58
595,20241201,5,5,64362.81
596,20241201,5,6,111194.05
597,20241201,5,7,204322.52
598,20241201,5,8,384160.85
599,20241201,5,9,288119.85
600,20241201,5,10,246936.64
601,20250101,1,1,161903.23
602,20250101,1,2,466467.34
603,20250101,1,3,386047.89
604,20250101,1,4,146340.15
605,20250101,1,5,182125.5
606,20250101,1,6,136600.06
607,20250101,1,7,221127.62
608,20250101,1,8,143780.86
609,20250101,1,9,56034.08
610,20250101,1,10,130476.96
611,20250101,2,1,342781.94
612,20250101,2,2,349314.71
613,20250101,2,3,185659.33
614,20250101,2,4,284446.72
615,20250101,2,5,117334.3
616,20250101,2,6,403250.46
617,20250101,2,7,129261.72
618,20250101,2,8,90545.21
619,20250101,2,9,60219.25
620,20250101,2,10,301273.97
621,20250101,3,1,227652.67
622,20250101,3,2,286167.37
623,20250101,3,3,464868.05
624,20250101,3,4,436929.73
625,20250101,3,5,309393.3
626,20250101,3,6,196987.67
627,20250101,3,7,110585.41
628,20250101,3,8,318345.47
629,20250101,3,9,219009.62
630,20250101,3,10,57701.7
631,20250101,4,1,420457.19
632,20250101,4,2,137144.25
633,20250101,4,3,431092.89
634,20250101,4,4,497555.19
635,20250101,4,5,207488.9
636,20250101,4,6,221223.03
637,20250101,4,7,405939.02
638,20250101,4,8,414709.08
639,20250101,4,9,381192.46
640,20250101,4,10,50556.24
641,20250101,5,1,468815.34
642,20250101,5,2,372053.0
643,20250101,5,3,305991.54
644,20250101,5,4,205357.45
645,20250101,5,5,400648.5
646,20250101,5,6,312556.49
647,20250101,5,7,420572.14
648,20250101,5,8,399363.34
649,20250101,5,9,152988.46
650,20250101,5,10,254180.45
651,20250201,1,1,113845.56
652,20250201,1,2,135840.4
653,20250201,1,3,470825.98
654,20250201,1,4,297362.74
655,20250201,1,5,292837.7
656,20250201,1,6,224315.94
657,20250201,1,7,393157.46
658,20250201,1,8,108650.12
659,20250201,1,9,430853.95
660,20250201,1,10,166710.77
661,20250201,2,1,83727.05
662,20250201,2,2,384190.43
663,20250201,2,3,120276.75
664,20250201,2,4,113380.62
665,20250201,2,5,266833.61
666,20250201,2,6,74216.93
667,20250201,2,7,105400.78
668,20250201,2,8,326413.02
669,20250201,2,9,265689.72
670,20250201,2,10,300887.78
671,20250201,3,1,175068.85
672,20250201,3,2,124858.33
673,20250201,3,3,328741.15
674,20250201,3,4,249401.56
675,20250201,3,5,374696.37
676,20250201,3,6,88418.12
677,20250201,3,7,241789.49
678,20250201,3,8,315865.7
679,20250201,3,9,235553.51
680,20250201,3,10,108494.42
681,20250201,4,1,437004.91
682,20250201,4,2,288971.24
683,20250201,4,3,475318.6
684,20250201,4,4,98167.85
685,20250201,4,5,193745.82
686,20250201,4,6,478811.51
687,20250201,4,7,121369.3
688,20250201,4,8,445364.23
689,20250201,4,9,334280.63
690,20250201,4,10,53409.86
691,20250201,5,1,365540.45
692,20250201,5,2,439904.44
693,20250201,5,3,64572.34
694,20250201,5,4,76391.51
695,20250201,5,5,57587.06
696,20250201,5,6,213434.05
697,20250201,5,7,457293.32
698,20250201,5,8,480465.08
699,20250201,5,9,303992.73
700,20250201,5,10,395785.62
701,20250301,1,1,253163.13
702,20250301,1,2,240435.11
703,20250301,1,3,404077.81
704,20250301,1,4,330307.88
705,20250301,1,5,216899.6
706,20250301,1,6,315555.3
707,20250301,1,7,400271.15
708,20250301,1,8,206614.46
709,20250301,1,9,178269.62
710,20250301,1,10,429577.39
711,20250301,2,1,475596.57
712,20250301,2,2,163076.55
713,20250301,2,3,428710.43
714,20250301,2,4,111586.62
715,20250301,2,5,414539.51
716,20250301,2,6,257785.64
717,20250301,2,7,51229.41
718,20250301,2,8,69855.62
719,20250301,2,9,76729.32
720,20250301,2,10,103329.32
721,20250301,3,1,402620.27
722,20250301,3,2,105186.57
723,20250301,3,3,143248.75
724,20250301,3,4,412743.54
725,20250301,3,5,381507.38
726,20250301,3,6,235657.73
727,20250301,3,7,153432.92
728,20250301,3,8,252196.6
729,20250301,3,9,174276.5
730,20250301,3,10,474444.33
731,20250301,4,1,270042.89
732,20250301,4,2,240712.38
733,20250301,4,3,69180.55
734,20250301,4,4,55908.06
735,20250301,4,5,93842.75
736,20250301,4,6,377043.38
737,20250301,4,7,214809.75
738,20250301,4,8,98330.97
739,20250301,4,9,316736.32
740,20250301,4,10,440794.67
741,20250301,5,1,98681.73
742,20250301,5,2,204223.55
743,20250301,5,3,77361.1
744,20250301,5,4,87995.74
745,20250301,5,5,278763.38
746,20250301,5,6,233864.07
747,20250301,5,7,95749.9
748,20250301,5,8,74247.39
749,20250301,5,9,370679.56
750,20250301,5,10,199462.68
751,20250401,1,1,485948.89
752,20250401,1,2,415848.72
753,20250401,1,3,179476.39
754,20250401,1,4,486486.17
755,20250401,1,5,479249.38
756,20250401,1,6,271414.91
757,20250401,1,7,139772.54
758,20250401,1,8,230277.71
759,20250401,1,9,101392.64
760,20250401,1,10,138449.11
761,20250401,2,1,57843.32
762,20250401,2,2,245793.24
763,20250401,2,3,207020.1
764,20250401,2,4,436732.04
765,20250401,2,5,354364.76
766,20250401,2,6,251068.92
767,20250401,2,7,366533.49
768,20250401,2,8,318272.13
769,20250401,2,9,273278.36
770,20250401,2,10,142052.85
771,20250401,3,1,302566.04
772,20250401,3,2,200193.22
773,20250401,3,3,499891.43
774,20250401,3,4,411644.04
775,20250401,3,5,399652.17
776,20250401,3,6,323133.21
777,20250401,3,7,120463.01
778,20250401,3,8,414439.72
779,20250401,3,9,472433.2
780,20250401,3,10,464886.16
781,20250401,4,1,427248.82
782,20250401,4,2,450336.43
783,20250401,4,3,246563.98
784,20250401,4,4,117011.1
785,20250401,4,5,208955.18
786,20250401,4,6,78833.55
787,20250401,4,7,158246.53
788,20250401,4,8,112199.91
789,20250401,4,9,434187.33
790,20250401,4,10,58541.27
791,20250401,5,1,75911.4
792,20250401,5,2,169701.97
793,20250401,5,3,236661.81
794,20250401,5,4,95075.23
795,20250401,5,5,484286.43
796,20250401,5,6,332076.94
797,20250401,5,7,61220.02
798,20250401,5,8,80515.06
799,20250401,5,9,102415.79
800,20250401,5,10,251119.12
801,20250501,1,1,268544.16
802,20250501,1,2,260311.38
803,20250501,1,3,461268.23
804,20250501,1,4,66807.83
805,20250501,1,5,387060.2
806,20250501,1,6,168212.39
807,20250501,1,7,156178.39
808,20250501,1,8,395722.71
809,20250501,1,9,298415.58
810,20250501,1,10,419246.35
811,20250501,2,1,303314.35
812,20250501,2,2,364970.25
813,20250501,2,3,368378.34
814,20250501,2,4,363397.13
815,20250501,2,5,308375.98
816,20250501,2,6,191771.14
817,20250501,2,7,350469.36
818,20250501,2,8,368478.01
819,20250501,2,9,192499.66
820,20250501,2,10,127454.26
821,20250501,3,1,164984.76
822,20250501,3,2,323982.15
823,20250501,3,3,67054.01
824,20250501,3,4,315340.58
825,20250501,3,5,340962.83
826,20250501,3,6,319070.0
827,20250501,3,7,273607.62
828,20250501,3,8,460659.17
829,20250501,3,9,402496.64
830,20250501,3,10,288134.56
831,20250501,4,1,271770.99
832,20250501,4,2,150656.33
833,20250501,4,3,79303.39
834,20250501,4,4,258461.49
835,20250501,4,5,247557.81
836,20250501,4,6,104125.07
837,20250501,4,7,236559.32
838,20250501,4,8,321344.14
839,20250501,4,9,387458.04
840,20250501,4,10,95924.94
841,20250501,5,1,458634.09
842,20250501,5,2,479953.42
843,20250501,5,3,116797.94
844,20250501,5,4,268229.94
845,20250501,5,5,478645.86
846,20250501,5,6,268259.63
847,20250501,5,7,306958.06
848,20250501,5,8,161708.81
849,20250501,5,9,423912.41
850,20250501,5,10,392987.8
851,20250601,1,1,246602.17
852,20250601,1,2,144920.94
853,20250601,1,3,359997.88
854,20250601,1,4,281924.65
855,20250601,1,5,315938.78
856,20250601,1,6,180097.65
857,20250601,1,7,305808.14
858,20250601,1,8,101272.3
859,20250601,1,9,324745.78
860,20250601,1,10,413156.03
861,20250601,2,1,80148.02
862,20250601,2,2,420145.69
863,20250601,2,3,168851.17
864,20250601,2,4,447541.25
865,20250601,2,5,431654.69
866,20250601,2,6,480089.48
867,20250601,2,7,112804.96
868,20250601,2,8,146454.01
869,20250601,2,9,72941.36
870,20250601,2,10,257333.81
871,20250601,3,1,456834.41
872,20250601,3,2,429912.9
873,20250601,3,3,97561.03
874,20250601,3,4,234833.86
875,20250601,3,5,428462.35
876,20250601,3,6,347340.18
877,20250601,3,7,346668.73
878,20250601,3,8,333871.08
879,20250601,3,9,347198.06
880,20250601,3,10,166771.17
881,20250601,4,1,432328.71
882,20250601,4,2,455871.37
883,20250601,4,3,295586.45
884,20250601,4,4,487957.77
885,20250601,4,5,87659.75
886,20250601,4,6,216219.64
887,20250601,4,7,365817.65
888,20250601,4,8,326844.27
889,20250601,4,9,280829.86
890,20250601,4,10,277005.54
891,20250601,5,1,496873.09
892,20250601,5,2,313120.83
893,20250601,5,3,455374.61
894,20250601,5,4,453851.08
895,20250601,5,5,87575.36
896,20250601,5,6,250005.57
897,20250601,5,7,60085.92
898,20250601,5,8,426326.13
899,20250601,5,9,276642.29
900,20250601,5,10,314441.33
901,20250701,1,1,180394.99
902,20250701,1,2,347668.86
903,20250701,1,3,63741.1
904,20250701,1,4,419156.85
905,20250701,1,5,81774.23
906,20250701,1,6,295978.17
907,20250701,1,7,229550.75
908,20250701,1,8,167016.08
909,20250701,1,9,290796.78
910,20250701,1,10,122322.35
911,20250701,2,1,104109.3
912,20250701,2,2,476061.41
913,20250701,2,3,447548.61
914,20250701,2,4,284875.83
915,20250701,2,5,381850.51
916,20250701,2,6,154912.02
917,20250701,2,7,492285.2
918,20250701,2,8,487633.62
919,20250701,2,9,218209.68
920,20250701,2,10,469628.14
921,20250701,3,1,292594.89
922,20250701,3,2,77771.52
923,20250701,3,3,61561.82
924,20250701,3,4,293042.74
925,20250701,3,5,238454.41
926,20250701,3,6,194089.17
927,20250701,3,7,349962.81
928,20250701,3,8,422964.79
929,20250701,3,9,130923.49
930,20250701,3,10,135011.45
931,20250701,4,1,303543.09
932,20250701,4,2,184800.05
933,20250701,4,3,231453.28
934,20250701,4,4,394074.3
935,20250701,4,5,350592.69
936,20250701,4,6,470366.9
937,20250701,4,7,279904.23
938,20250701,4,8,274857.96
939,20250701,4,9,417713.97
940,20250701,4,10,171687.25
941,20250701,5,1,124407.25
942,20250701,5,2,351685.55
943,20250701,5,3,301860.01
944,20250701,5,4,277109.02
945,20250701,5,5,258511.58
946,20250701,5,6,388470.45
947,20250701,5,7,310368.2
948,20250701,5,8,499571.66
949,20250701,5,9,468596.75
950,20250701,5,10,264711.07
951,20250801,1,1,335924.86
952,20250801,1,2,170210.51
953,20250801,1,3,314978.76
954,20250801,1,4,153201.77
955,20250801,1,5,103061.29
956,20250801,1,6,457124.68
957,20250801,1,7,89796.64
958,20250801,1,8,311438.63
959,20250801,1,9,100621.85
960,20250801,1,10,242217.34
961,20250801,2,1,272459.96
962,20250801,2,2,298331.6
963,20250801,2,3,161650.18
964,20250801,2,4,269378.05
965,20250801,2,5,353386.61
966,20250801,2,6,413815.97
967,20250801,2,7,298945.12
968,20250801,2,8,150858.81
969,20250801,2,9,375289.39
970,20250801,2,10,209319.16
971,20250801,3,1,400563.81
972,20250801,3,2,257107.77
973,20250801,3,3,409038.88
974,20250801,3,4,412165.2
975,20250801,3,5,351512.81
976,20250801,3,6,229171.18
977,20250801,3,7,181782.44
978,20250801,3,8,70325.41
979,20250801,3,9,322136.06
980,20250801,3,10,239734.63
981,20250801,4,1,337844.3
982,20250801,4,2,425788.97
983,20250801,4,3,219341.57
984,20250801,4,4,296059.3
985,20250801,4,5,374159.72
986,20250801,4,6,471000.43
987,20250801,4,7,243188.71
988,20250801,4,8,169540.11
989,20250801,4,9,280265.28
990,20250801,4,10,118260.23
991,20250801,5,1,249775.89
992,20250801,5,2,118827.16
993,20250801,5,3,202108.06
994,20250801,5,4,223670.84
995,20250801,5,5,121913.26
996,20250801,5,6,470037.92
997,20250801,5,7,310998.83
998,20250801,5,8,159421.12
999,20250801,5,9,333642.27
1000,20250801,5,10,173847.75
1001,20250901,1,1,296020.36
1002,20250901,1,2,50154.49
1003,20250901,1,3,485447.57
1004,20250901,1,4,482069.34
1005,20250901,1,5,400399.37
1006,20250901,1,6,169663.2
1007,20250901,1,7,230058.74
1008,20250901,1,8,363509.52
1009,20250901,1,9,152578.43
1010,20250901,1,10,68489.57
1011,20250901,2,1,246158.71
1012,20250901,2,2,493255.6
1013,20250901,2,3,227834.83
1014,20250901,2,4,118102.41
1015,20250901,2,5,494385.38
1016,20250901,2,6,287244.19
1017,20250901,2,7,320874.11
1018,20250901,2,8,80667.44
1019,20250901,2,9,59924.68
1020,20250901,2,10,424859.28
1021,20250901,3,1,90131.83
1022,20250901,3,2,83233.87
1023,20250901,3,3,499419.86
1024,20250901,3,4,100825.79
1025,20250901,3,5,453226.88
1026,20250901,3,6,497399.46
1027,20250901,3,7,161728.32
1028,20250901,3,8,347531.51
1029,20250901,3,9,494211.1
1030,20250901,3,10,338043.65
1031,20250901,4,1,123460.3
1032,20250901,4,2,419336.81
1033,20250901,4,3,142056.98
1034,20250901,4,4,233320.77
1035,20250901,4,5,154692.01
1036,20250901,4,6,263799.67
1037,20250901,4,7,233434.62
1038,20250901,4,8,50190.99
1039,20250901,4,9,133961.17
1040,20250901,4,10,161881.42
1041,20250901,5,1,463257.79
1042,20250901,5,2,194547.9
1043,20250901,5,3,279969.6
1044,20250901,5,4,230273.73
1045,20250901,5,5,400891.48
1046,20250901,5,6,365149.28
1047,20250901,5,7,459504.39
1048,20250901,5,8,212142.28
1049,20250901,5,9,480266.72
1050,20250901,5,10,387714.41
1051,20251001,1,1,273016.38
1052,20251001,1,2,167982.23
1053,20251001,1,3,327325.83
1054,20251001,1,4,243012.98
1055,20251001,1,5,342628.59
1056,20251001,1,6,442868.86
1057,20251001,1,7,363656.55
1058,20251001,1,8,173120.04
1059,20251001,1,9,404464.09
1060,20251001,1,10,237375.89
1061,20251001,2,1,430307.57
1062,20251001,2,2,261520.8
1063,20251001,2,3,383151.0
1064,20251001,2,4,453459.07
1065,20251001,2,5,469111.1
1066,20251001,2,6,79400.11
1067,20251001,2,7,282104.25
1068,20251001,2,8,365087.57
1069,20251001,2,9,317546.24
1070,20251001,2,10,307955.56
1071,20251001,3,1,295979.52
1072,20251001,3,2,68823.91
1073,20251001,3,3,293468.82
1074,20251001,3,4,458398.9
1075,20251001,3,5,51283.2
1076,20251001,3,6,230317.08
1077,20251001,3,7,424997.57
1078,20251001,3,8,115457.09
1079,20251001,3,9,172174.37
1080,20251001,3,10,249282.93
1081,20251001,4,1,236164.76
1082,20251001,4,2,431505.91
1083,20251001,4,3,97063.82
1084,20251001,4,4,151913.37
1085,20251001,4,5,196901.62
1086,20251001,4,6,133118.59
1087,20251001,4,7,227533.84
1088,20251001,4,8,219439.29
1089,20251001,4,9,169261.9
1090,20251001,4,10,239983.3
1091,20251001,5,1,348425.58
1092,20251001,5,2,327833.0
1093,20251001,5,3,461812.13
1094,20251001,5,4,364496.34
1095,20251001,5,5,311796.31
1096,20251001,5,6,363415.68
1097,20251001,5,7,297298.45
1098,20251001,5,8,190227.1
1099,20251001,5,9,278025.43
1100,20251001,5,10,305249.63
1101,20251101,1,1,359910.11
1102,20251101,1,2,440029.51
1103,20251101,1,3,197296.98
1104,20251101,1,4,314758.49
1105,20251101,1,5,490503.28
1106,20251101,1,6,411610.68
1107,20251101,1,7,72185.24
1108,20251101,1,8,105852.57
1109,20251101,1,9,110645.46
1110,20251101,1,10,319598.66
1111,20251101,2,1,131261.64
1112,20251101,2,2,430168.32
1113,20251101,2,3,401470.7
1114,20251101,2,4,497607.81
1115,20251101,2,5,160878.43
1116,20251101,2,6,467936.75
1117,20251101,2,7,450119.22
1118,20251101,2,8,70019.79
1119,20251101,2,9,101024.83
1120,20251101,2,10,263516.37
1121,20251101,3,1,240116.97
1122,20251101,3,2,377688.94
1123,20251101,3,3,152181.15
1124,20251101,3,4,318202.94
1125,20251101,3,5,388717.85
1126,20251101,3,6,299857.72
1127,20251101,3,7,227698.59
1128,20251101,3,8,239561.97
1129,20251101,3,9,161848.79
1130,20251101,3,10,489138.9
1131,20251101,4,1,341428.32
1132,20251101,4,2,95003.74
1133,20251101,4,3,310670.98
1134,20251101,4,4,197444.23
1135,20251101,4,5,319772.23
1136,20251101,4,6,220542.32
1137,20251101,4,7,53455.25
1138,20251101,4,8,61147.94
1139,20251101,4,9,345228.8
1140,20251101,4,10,307579.93
1141,20251101,5,1,413147.1
1142,20251101,5,2,184421.02
1143,20251101,5,3,487073.64
1144,20251101,5,4,162597.99
1145,20251101,5,5,71131.24
1146,20251101,5,6,464228.8
1147,20251101,5,7,499388.0
1148,20251101,5,8,357083.79
1149,20251101,5,9,173287.26
1150,20251101,5,10,456363.33
1151,20251201,1,1,437703.92
1152,20251201,1,2,326025.71
1153,20251201,1,3,244103.0
1154,20251201,1,4,234707.14
1155,20251201,1,5,197093.52
1156,20251201,1,6,246111.8
1157,20251201,1,7,122823.18
1158,20251201,1,8,419086.12
1159,20251201,1,9,469126.81
1160,20251201,1,10,191636.42
1161,20251201,2,1,439330.27
1162,20251201,2,2,270513.19
1163,20251201,2,3,249393.23
1164,20251201,2,4,291883.08
1165,20251201,2,5,63132.89
1166,20251201,2,6,252779.58
1167,20251201,2,7,478846.1
1168,20251201,2,8,395602.42
1169,20251201,2,9,484141.03
1170,20251201,2,10,136529.38
1171,20251201,3,1,277889.84
1172,20251201,3,2,323874.82
1173,20251201,3,3,241318.16
1174,20251201,3,4,159132.49
1175,20251201,3,5,402003.75
1176,20251201,3,6,166139.84
1177,20251201,3,7,231996.45
1178,20251201,3,8,221567.18
1179,20251201,3,9,108862.76
1180,20251201,3,10,335090.0
1181,20251201,4,1,396691.12
1182,20251201,4,2,201428.3
1183,20251201,4,3,180135.7
1184,20251201,4,4,98779.41
1185,20251201,4,5,334680.8
1186,20251201,4,6,321642.71
1187,20251201,4,7,206160.57
1188,20251201,4,8,466408.53
1189,20251201,4,9,54120.24
1190,20251201,4,10,469361.94
1191,20251201,5,1,241473.04
1192,20251201,5,2,435008.97
1193,20251201,5,3,103286.43
1194,20251201,5,4,118470.12
1195,20251201,5,5,131469.78
1196,20251201,5,6,392916.46
1197,20251201,5,7,253366.86
1198,20251201,5,8,483950.29
1199,20251201,5,9,265264.2
1200,20251201,5,10,345489.87
1201,20260101,1,1,189777.32
1202,20260101,1,2,110451.45
1203,20260101,1,3,192202.36
1204,20260101,1,4,80299.52
1205,20260101,1,5,62487.0
1206,20260101,1,6,85579.29
1207,20260101,1,7,176418.77
1208,20260101,1,8,492572.27
1209,20260101,1,9,91535.07
1210,20260101,1,10,459823.52
1211,20260101,2,1,433304.08
1212,20260101,2,2,416878.48
1213,20260101,2,3,163040.47
1214,20260101,2,4,408596.88
1215,20260101,2,5,337738.04
1216,20260101,2,6,497018.08
1217,20260101,2,7,52753.68
1218,20260101,2,8,456996.76
1219,20260101,2,9,291582.7
1220,20260101,2,10,98756.53
1221,20260101,3,1,314964.47
1222,20260101,3,2,491890.34
1223,20260101,3,3,266540.16
1224,20260101,3,4,272540.4
1225,20260101,3,5,301473.22
1226,20260101,3,6,138147.71
1227,20260101,3,7,85609.46
1228,20260101,3,8,310027.81
1229,20260101,3,9,447115.35
1230,20260101,3,10,211264.21
1231,20260101,4,1,468826.34
1232,20260101,4,2,453769.42
1233,20260101,4,3,468943.42
1234,20260101,4,4,172938.7
1235,20260101,4,5,110709.51
1236,20260101,4,6,373225.24
1237,20260101,4,7,406637.74
1238,20260101,4,8,433733.81
1239,20260101,4,9,337367.32
1240,20260101,4,10,241244.68
1241,20260101,5,1,116273.64
1242,20260101,5,2,99908.48
1243,20260101,5,3,124080.75
1244,20260101,5,4,141750.93
1245,20260101,5,5,163052.83
1246,20260101,5,6,380937.09
1247,20260101,5,7,448024.07
1248,20260101,5,8,203967.65
1249,20260101,5,9,243537.67
1250,20260101,5,10,363395.43
1251,20260201,1,1,378273.3
1252,20260201,1,2,439879.27
1253,20260201,1,3,289530.48
1254,20260201,1,4,257541.92
1255,20260201,1,5,207659.48
1256,20260201,1,6,418550.44
1257,20260201,1,7,125961.63
1258,20260201,1,8,492530.48
1259,20260201,1,9,476594.6
1260,20260201,1,10,128672.79
1261,20260201,2,1,107562.52
1262,20260201,2,2,352287.11
1263,20260201,2,3,362622.26
1264,20260201,2,4,154652.33
1265,20260201,2,5,195934.5
1266,20260201,2,6,163948.01
1267,20260201,2,7,408612.16
1268,20260201,2,8,490976.72
1269,20260201,2,9,170759.64
1270,20260201,2,10,64145.99
1271,20260201,3,1,475057.74
1272,20260201,3,2,164509.11
1273,20260201,3,3,343769.56
1274,20260201,3,4,178343.13
1275,20260201,3,5,260250.83
1276,20260201,3,6,382895.38
1277,20260201,3,7,441441.65
1278,20260201,3,8,430479.48
1279,20260201,3,9,84516.7
1280,20260201,3,10,112974.67
1281,20260201,4,1,137097.09
1282,20260201,4,2,470594.64
1283,20260201,4,3,493126.47
1284,20260201,4,4,178459.68
1285,20260201,4,5,291770.11
1286,20260201,4,6,394407.5
1287,20260201,4,7,378937.5
1288,20260201,4,8,271064.06
1289,20260201,4,9,473038.24
1290,20260201,4,10,380047.92
1291,20260201,5,1,492480.21
1292,20260201,5,2,252837.55
1293,20260201,5,3,455526.67
1294,20260201,5,4,229164.79
1295,20260201,5,5,142825.97
1296,20260201,5,6,349024.12
1297,20260201,5,7,340279.21
1298,20260201,5,8,355333.2
1299,20260201,5,9,124860.94
1300,20260201,5,10,126374.47
1301,20260301,1,1,136232.67
1302,20260301,1,2,424671.81
1303,20260301,1,3,292503.18
1304,20260301,1,4,358287.35
1305,20260301,1,5,418841.49
1306,20260301,1,6,453982.66
1307,20260301,1,7,209133.59
1308,20260301,1,8,55677.01
1309,20260301,1,9,294305.89
1310,20260301,1,10,410538.25
1311,20260301,2,1,80272.2
1312,20260301,2,2,402817.17
1313,20260301,2,3,483042.29
1314,20260301,2,4,422015.71
1315,20260301,2,5,164718.46
1316,20260301,2,6,371641.18
1317,20260301,2,7,137462.86
1318,20260301,2,8,223975.85
1319,20260301,2,9,497448.48
1320,20260301,2,10,490487.39
1321,20260301,3,1,196249.87
1322,20260301,3,2,295393.4
1323,20260301,3,3,423384.58
1324,20260301,3,4,170044.4
1325,20260301,3,5,452207.4
1326,20260301,3,6,198960.84
1327,20260301,3,7,153283.28
1328,20260301,3,8,187512.66
1329,20260301,3,9,66093.76
1330,20260301,3,10,464374.64
1331,20260301,4,1,365002.1
1332,20260301,4,2,335466.14
1333,20260301,4,3,96726.63
1334,20260301,4,4,81105.61
1335,20260301,4,5,442664.13
1336,20260301,4,6,248243.72
1337,20260301,4,7,277320.42
1338,20260301,4,8,281384.86
1339,20260301,4,9,80132.39
1340,20260301,4,10,241243.09
1341,20260301,5,1,495004.36
1342,20260301,5,2,175484.36
1343,20260301,5,3,164476.99
1344,20260301,5,4,351511.67
1345,20260301,5,5,211759.01
1346,20260301,5,6,167849.41
1347,20260301,5,7,74069.24
1348,20260301,5,8,289281.64
1349,20260301,5,9,418752.16
1350,20260301,5,10,445553.68
1351,20260401,1,1,359795.31
1352,20260401,1,2,263800.15
1353,20260401,1,3,328793.49
1354,20260401,1,4,252651.4
1355,20260401,1,5,402925.2
1356,20260401,1,6,98218.91
1357,20260401,1,7,338804.14
1358,20260401,1,8,342909.93
1359,20260401,1,9,459656.74
1360,20260401,1,10,376712.14
1361,20260401,2,1,194224.36
1362,20260401,2,2,339642.22
1363,20260401,2,3,105499.78
1364,20260401,2,4,291483.89
1365,20260401,2,5,482155.24
1366,20260401,2,6,280621.55
1367,20260401,2,7,164955.55
1368,20260401,2,8,292490.0
1369,20260401,2,9,223698.46
1370,20260401,2,10,329944.51
1371,20260401,3,1,310675.88
1372,20260401,3,2,494677.4
1373,20260401,3,3,287462.21
1374,20260401,3,4,399385.05
1375,20260401,3,5,448159.65
1376,20260401,3,6,393950.38
1377,20260401,3,7,319482.69
1378,20260401,3,8,187733.77
1379,20260401,3,9,493377.71
1380,20260401,3,10,266558.39
1381,20260401,4,1,366384.91
1382,20260401,4,2,426879.7
1383,20260401,4,3,97094.36
1384,20260401,4,4,427885.55
1385,20260401,4,5,356460.68
1386,20260401,4,6,164206.9
1387,20260401,4,7,154648.04
1388,20260401,4,8,414600.72
1389,20260401,4,9,437831.55
1390,20260401,4,10,493923.06
1391,20260401,5,1,293201.16
1392,20260401,5,2,483578.11
1393,20260401,5,3,369712.67
1394,20260401,5,4,128763.3
1395,20260401,5,5,109490.53
1396,20260401,5,6,141680.79
1397,20260401,5,7,300536.18
1398,20260401,5,8,151872.87
1399,20260401,5,9,252288.71
1400,20260401,5,10,284658.55
1401,20260501,1,1,157220.22
1402,20260501,1,2,406556.95
1403,20260501,1,3,117926.54
1404,20260501,1,4,100728.33
1405,20260501,1,5,340732.11
1406,20260501,1,6,297367.53
1407,20260501,1,7,63537.6
1408,20260501,1,8,463977.78
1409,20260501,1,9,120702.36
1410,20260501,1,10,446703.59
1411,20260501,2,1,144540.62
1412,20260501,2,2,127581.11
1413,20260501,2,3,440120.33
1414,20260501,2,4,465869.19
1415,20260501,2,5,370260.81
1416,20260501,2,6,300670.63
1417,20260501,2,7,145441.01
1418,20260501,2,8,115567.56
1419,20260501,2,9,70151.95
1420,20260501,2,10,102637.84
1421,20260501,3,1,133301.42
1422,20260501,3,2,129078.12
1423,20260501,3,3,50950.67
1424,20260501,3,4,78363.84
1425,20260501,3,5,284909.7
1426,20260501,3,6,257589.11
1427,20260501,3,7,220731.09
1428,20260501,3,8,70389.32
1429,20260501,3,9,63410.22
1430,20260501,3,10,428573.78
1431,20260501,4,1,318589.93
1432,20260501,4,2,440526.06
1433,20260501,4,3,463797.67
1434,20260501,4,4,354530.91
1435,20260501,4,5,371689.68
1436,20260501,4,6,104766.22
1437,20260501,4,7,296483.46
1438,20260501,4,8,418023.44
1439,20260501,4,9,135207.87
1440,20260501,4,10,222672.15
1441,20260501,5,1,91823.21
1442,20260501,5,2,77770.32
1443,20260501,5,3,376027.67
1444,20260501,5,4,453983.48
1445,20260501,5,5,180213.35
1446,20260501,5,6,193696.11
1447,20260501,5,7,159785.88
1448,20260501,5,8,474532.41
1449,20260501,5,9,315334.69
1450,20260501,5,10,389802.72
1451,20260601,1,1,403775.95
1452,20260601,1,2,174363.61
1453,20260601,1,3,402367.27
1454,20260601,1,4,394895.46
1455,20260601,1,5,297649.16
1456,20260601,1,6,112213.71
1457,20260601,1,7,191687.83
1458,20260601,1,8,233900.62
1459,20260601,1,9,492098.9
1460,20260601,1,10,192376.5
1461,20260601,2,1,354326.55
1462,20260601,2,2,93946.16
1463,20260601,2,3,51642.46
1464,20260601,2,4,380000.86
1465,20260601,2,5,497563.31
1466,20260601,2,6,255669.83
1467,20260601,2,7,388218.57
1468,20260601,2,8,462199.68
1469,20260601,2,9,51578.74
1470,20260601,2,10,417816.38
1471,20260601,3,1,175526.47
1472,20260601,3,2,198240.79
1473,20260601,3,3,383987.52
1474,20260601,3,4,220635.23
1475,20260601,3,5,425341.01
1476,20260601,3,6,199133.35
1477,20260601,3,7,456322.72
1478,20260601,3,8,70734.74
1479,20260601,3,9,244782.88
1480,20260601,3,10,453599.05
1481,20260601,4,1,225470.32
1482,20260601,4,2,170902.65
1483,20260601,4,3,83221.59
1484,20260601,4,4,457244.19
1485,20260601,4,5,226844.32
1486,20260601,4,6,216935.81
1487,20260601,4,7,440376.68
1488,20260601,4,8,369031.45
1489,20260601,4,9,366835.85
1490,20260601,4,10,451314.1
1491,20260601,5,1,474168.27
1492,20260601,5,2,494051.7
1493,20260601,5,3,50713.54
1494,20260601,5,4,251159.43
1495,20260601,5,5,195768.95
1496,20260601,5,6,229470.48
1497,20260601,5,7,418075.21
1498,20260601,5,8,462338.54
1499,20260601,5,9,170989.05
1500,20260601,5,10,328376.19
1501,20260701,1,1,68880.95
1502,20260701,1,2,326828.99
1503,20260701,1,3,215277.91
1504,20260701,1,4,302764.03
1505,20260701,1,5,137591.3
1506,20260701,1,6,238860.69
1507,20260701,1,7,141035.94
1508,20260701,1,8,299282.49
1509,20260701,1,9,220064.29
1510,20260701,1,10,376527.02
1511,20260701,2,1,304070.77
1512,20260701,2,2,232365.39
1513,20260701,2,3,224786.42
1514,20260701,2,4,256601.0
1515,20260701,2,5,56941.98
1516,20260701,2,6,155335.93
1517,20260701,2,7,245052.07
1518,20260701,2,8,299939.36
1519,20260701,2,9,453967.74
1520,20260701,2,10,304588.72
1521,20260701,3,1,262615.29
1522,20260701,3,2,497752.93
1523,20260701,3,3,347185.33
1524,20260701,3,4,268382.78
1525,20260701,3,5,326464.35
1526,20260701,3,6,213837.96
1527,20260701,3,7,216948.09
1528,20260701,3,8,316112.86
1529,20260701,3,9,131274.54
1530,20260701,3,10,254090.43
1531,20260701,4,1,84890.47
1532,20260701,4,2,254511.81
1533,20260701,4,3,219674.55
1534,20260701,4,4,361946.06
1535,20260701,4,5,156536.4
1536,20260701,4,6,60024.63
1537,20260701,4,7,89138.96
1538,20260701,4,8,244225.83
1539,20260701,4,9,365693.99
1540,20260701,4,10,494713.02
1541,20260701,5,1,254548.46
1542,20260701,5,2,483526.52
1543,20260701,5,3,284889.48
1544,20260701,5,4,301580.51
1545,20260701,5,5,442706.8
1546,20260701,5,6,221063.19
1547,20260701,5,7,186226.55
1548,20260701,5,8,85396.69
1549,20260701,5,9,434651.26
1550,20260701,5,10,392473.59
1551,20260801,1,1,491179.51
1552,20260801,1,2,307237.85
1553,20260801,1,3,470535.95
1554,20260801,1,4,473335.33
1555,20260801,1,5,402784.29
1556,20260801,1,6,212543.11
1557,20260801,1,7,279723.54
1558,20260801,1,8,487181.94
1559,20260801,1,9,103000.35
1560,20260801,1,10,268996.05
1561,20260801,2,1,180854.3
1562,20260801,2,2,90595.55
1563,20260801,2,3,386578.95
1564,20260801,2,4,269724.99
1565,20260801,2,5,223293.46
1566,20260801,2,6,133195.2
1567,20260801,2,7,83582.73
1568,20260801,2,8,293814.8
1569,20260801,2,9,408755.59
1570,20260801,2,10,340241.47
1571,20260801,3,1,115094.04
1572,20260801,3,2,91355.93
1573,20260801,3,3,370746.55
1574,20260801,3,4,231265.82
1575,20260801,3,5,111996.85
1576,20260801,3,6,169822.01
1577,20260801,3,7,123223.45
1578,20260801,3,8,321421.34
1579,20260801,3,9,264887.57
1580,20260801,3,10,280502.04
1581,20260801,4,1,83501.66
1582,20260801,4,2,74027.56
1583,20260801,4,3,368209.83
1584,20260801,4,4,498066.49
1585,20260801,4,5,447745.78
1586,20260801,4,6,374452.74
1587,20260801,4,7,214898.61
1588,20260801,4,8,462311.52
1589,20260801,4,9,97356.11
1590,20260801,4,10,299098.45
1591,20260801,5,1,356456.86
1592,20260801,5,2,217781.78
1593,20260801,5,3,425047.54
1594,20260801,5,4,70417.14
1595,20260801,5,5,245802.95
1596,20260801,5,6,277608.92
1597,20260801,5,7,51298.77
1598,20260801,5,8,310090.04
1599,20260801,5,9,106847.84
1600,20260801,5,10,441339.58
1601,20260901,1,1,273625.23
1602,20260901,1,2,50027.39
1603,20260901,1,3,308535.18
1604,20260901,1,4,472143.62
1605,20260901,1,5,72401.47
1606,20260901,1,6,334453.22
1607,20260901,1,7,148800.78
1608,20260901,1,8,366857.04
1609,20260901,1,9,203977.01
1610,20260901,1,10,173799.04
1611,20260901,2,1,73778.51
1612,20260901,2,2,127254.68
1613,20260901,2,3,422276.36
1614,20260901,2,4,175300.76
1615,20260901,2,5,439032.53
1616,20260901,2,6,496345.76
1617,20260901,2,7,276394.41
1618,20260901,2,8,463794.07
1619,20260901,2,9,324961.94
1620,20260901,2,10,449340.87
1621,20260901,3,1,448465.47
1622,20260901,3,2,175999.35
1623,20260901,3,3,76284.84
1624,20260901,3,4,268463.67
1625,20260901,3,5,343377.34
1626,20260901,3,6,460586.31
1627,20260901,3,7,282519.57
1628,20260901,3,8,122412.99
1629,20260901,3,9,167817.9
1630,20260901,3,10,253680.78
1631,20260901,4,1,90540.26
1632,20260901,4,2,497158.61
1633,20260901,4,3,82619.6
1634,20260901,4,4,473718.88
1635,20260901,4,5,294010.22
1636,20260901,4,6,469054.49
1637,20260901,4,7,397593.05
1638,20260901,4,8,52811.15
1639,20260901,4,9,79659.99
1640,20260901,4,10,403835.53
1641,20260901,5,1,474337.01
1642,20260901,5,2,338666.19
1643,20260901,5,3,388876.15
1644,20260901,5,4,76550.84
1645,20260901,5,5,102275.89
1646,20260901,5,6,217310.68
1647,20260901,5,7,50461.56
1648,20260901,5,8,130100.11
1649,20260901,5,9,258719.84
1650,20260901,5,10,413268.04
1651,20261001,1,1,491474.7
1652,20261001,1,2,345621.77
1653,20261001,1,3,191742.52
1654,20261001,1,4,242331.65
1655,20261001,1,5,386389.19
1656,20261001,1,6,69628.82
1657,20261001,1,7,213227.29
1658,20261001,1,8,476151.92
1659,20261001,1,9,437987.59
1660,20261001,1,10,248265.01
1661,20261001,2,1,419366.98
1662,20261001,2,2,111273.93
1663,20261001,2,3,69732.57
1664,20261001,2,4,258068.95
1665,20261001,2,5,414347.89
1666,20261001,2,6,317141.8
1667,20261001,2,7,356218.44
1668,20261001,2,8,52071.57
1669,20261001,2,9,267740.11
1670,20261001,2,10,457722.93
1671,20261001,3,1,423489.7
1672,20261001,3,2,344140.61
1673,20261001,3,3,444765.45
1674,20261001,3,4,308301.12
1675,20261001,3,5,190516.27
1676,20261001,3,6,370119.43
1677,20261001,3,7,364607.08
1678,20261001,3,8,152151.5
1679,20261001,3,9,340636.88
1680,20261001,3,10,408851.94
1681,20261001,4,1,284856.34
1682,20261001,4,2,235941.96
1683,20261001,4,3,299899.81
1684,20261001,4,4,146002.35
1685,20261001,4,5,435858.47
1686,20261001,4,6,205076.2
1687,20261001,4,7,317830.07
1688,20261001,4,8,175562.84
1689,20261001,4,9,262497.83
1690,20261001,4,10,102005.19
1691,20261001,5,1,426349.57
1692,20261001,5,2,89640.85
1693,20261001,5,3,330982.35
1694,20261001,5,4,374427.66
1695,20261001,5,5,466562.96
1696,20261001,5,6,489831.89
1697,20261001,5,7,140983.06
1698,20261001,5,8,189884.58
1699,20261001,5,9,292288.91
1700,20261001,5,10,145947.83
1701,20261101,1,1,396730.55
1702,20261101,1,2,398050.76
1703,20261101,1,3,65984.75
1704,20261101,1,4,199530.56
1705,20261101,1,5,119178.08
1706,20261101,1,6,398607.44
1707,20261101,1,7,348794.53
1708,20261101,1,8,231476.76
1709,20261101,1,9,358071.06
1710,20261101,1,10,80924.33
1711,20261101,2,1,451580.84
1712,20261101,2,2,146001.09
1713,20261101,2,3,446741.89
1714,20261101,2,4,405800.54
1715,20261101,2,5,211974.37
1716,20261101,2,6,165215.11
1717,20261101,2,7,393773.4
1718,20261101,2,8,420735.37
1719,20261101,2,9,201827.8
1720,20261101,2,10,463278.31
1721,20261101,3,1,239304.59
1722,20261101,3,2,77213.97
1723,20261101,3,3,437919.89
1724,20261101,3,4,490556.12
1725,20261101,3,5,245939.77
1726,20261101,3,6,385399.36
1727,20261101,3,7,251512.09
1728,20261101,3,8,314728.7
1729,20261101,3,9,148563.23
1730,20261101,3,10,372986.51
1731,20261101,4,1,163116.92
1732,20261101,4,2,184809.08
1733,20261101,4,3,293873.91
1734,20261101,4,4,137854.37
1735,20261101,4,5,186637.88
1736,20261101,4,6,129594.53
1737,20261101,4,7,410090.87
1738,20261101,4,8,222181.29
1739,20261101,4,9,491628.77
1740,20261101,4,10,458489.2
1741,20261101,5,1,486071.23
1742,20261101,5,2,184061.88
1743,20261101,5,3,461752.03
1744,20261101,5,4,293086.45
1745,20261101,5,5,198881.75
1746,20261101,5,6,73882.84
1747,20261101,5,7,417336.98
1748,20261101,5,8,467155.39
1749,20261101,5,9,367109.57
1750,20261101,5,10,227063.1
1751,20261201,1,1,252043.54
1752,20261201,1,2,201003.59
1753,20261201,1,3,86027.73
1754,20261201,1,4,482414.42
1755,20261201,1,5,121755.09
1756,20261201,1,6,304056.97
1757,20261201,1,7,378133.94
1758,20261201,1,8,54379.93
1759,20261201,1,9,65306.44
1760,20261201,1,10,471612.8
1761,20261201,2,1,456041.0
1762,20261201,2,2,196048.6
1763,20261201,2,3,69127.33
1764,20261201,2,4,333024.83
1765,20261201,2,5,189262.99
1766,20261201,2,6,62400.35
1767,20261201,2,7,495550.78
1768,20261201,2,8,95772.51
1769,20261201,2,9,155106.95
1770,20261201,2,10,477968.9
1771,20261201,3,1,498551.63
1772,20261201,3,2,258214.87
1773,20261201,3,3,278379.67
1774,20261201,3,4,224555.11
1775,20261201,3,5,320462.16
1776,20261201,3,6,359005.13
1777,20261201,3,7,114045.9
1778,20261201,3,8,412448.59
1779,20261201,3,9,366871.82
1780,20261201,3,10,250333.35
1781,20261201,4,1,225079.29
1782,20261201,4,2,359031.93
1783,20261201,4,3,129716.42
1784,20261201,4,4,335230.66
1785,20261201,4,5,232755.31
1786,20261201,4,6,329442.13
1787,20261201,4,7,463719.76
1788,20261201,4,8,191807.17
1789,20261201,4,9,463962.7
1790,20261201,4,10,170622.16
1791,20261201,5,1,473223.55
1792,20261201,5,2,357164.57
1793,20261201,5,3,499194.9
1794,20261201,5,4,451835.97
1795,20261201,5,5,350087.63
1796,20261201,5,6,132008.4
1797,20261201,5,7,455502.61
1798,20261201,5,8,403220.11
1799,20261201,5,9,455044.01
1800,20261201,5,10,210804.98
